Topic 1	Topic 2	Topic 3	Topic 4	Topic 5	Topic 6	Topic 7	Topic 8	Topic 9	Topic 10	Topic 11	Topic 12	Topic 13	Topic 14	Topic 15	Topic 16	Topic 17	Topic 18	Topic 19	Topic 20	Topic 21	Topic 22	Topic 23	Topic 24	Topic 25	Topic 26	Topic 27	Topic 28	Topic 29	Topic 30	Topic 31	Topic 32	Topic 33	Topic 34	Topic 35	Topic 36	Topic 37	Topic 38	Topic 39	Topic 40	Topic 41	Topic 42	Topic 43	Topic 44	Topic 45	Topic 46	Topic 47	Topic 48
ENSG00000105143	ENSG00000197641	ENSG00000198028	ENSG00000205927	ENSG00000101204	ENSG00000164438	ENSG00000111245	ENSG00000004809	ENSG00000213401	ENSG00000120054	ENSG00000242515	ENSG00000142515	ENSG00000159182	ENSG00000204511	ENSG00000110484	ENSG00000182050	ENSG00000171956	ENSG00000123407	ENSG00000167751	ENSG00000099399	ENSG00000254647	ENSG00000243137	ENSG00000145321	ENSG00000163497	ENSG00000110245	ENSG00000088926	ENSG00000234224	ENSG00000112246	ENSG00000204019	ENSG00000144820	ENSG00000114204	ENSG00000105605	ENSG00000154975	ENSG00000006116	ENSG00000197901	ENSG00000164588	ENSG00000229415	ENSG00000197273	ENSG00000269586	ENSG00000165588	ENSG00000112499	ENSG00000112246	ENSG00000164532	ENSG00000196553	ENSG00000165066	ENSG00000164287	ENSG00000154162	ENSG00000198183
ENSG00000155511	ENSG00000153802	ENSG00000186838	ENSG00000169181	ENSG00000118733	ENSG00000136931	ENSG00000240045	ENSG00000167419	ENSG00000198681	ENSG00000135903	ENSG00000111701	ENSG00000175336	ENSG00000174562	ENSG00000166558	ENSG00000181092	ENSG00000205835	ENSG00000186766	ENSG00000171199	ENSG00000120903	ENSG00000179059	ENSG00000115263	ENSG00000133454	ENSG00000174358	ENSG00000184388	ENSG00000105398	ENSG00000132703	ENSG00000145451	ENSG00000036828	ENSG00000168631	ENSG00000172016	ENSG00000274618	ENSG00000205927	ENSG00000156395	ENSG00000173452	ENSG00000164794	ENSG00000172209	ENSG00000126752	ENSG00000153303	ENSG00000181433	ENSG00000121570	ENSG00000066813	ENSG00000131183	ENSG00000185002	ENSG00000196228	ENSG00000124233	ENSG00000179813	ENSG00000081138	ENSG00000146166
ENSG00000113196	ENSG00000196344	ENSG00000135824	ENSG00000204655	ENSG00000163630	ENSG00000167941	ENSG00000133020	ENSG00000223609	ENSG00000147381	ENSG00000004846	ENSG00000175329	ENSG00000188848	ENSG00000206072	ENSG00000143355	ENSG00000148513	ENSG00000205038	ENSG00000162763	ENSG00000124092	ENSG00000167346	ENSG00000173809	ENSG00000091704	ENSG00000168530	ENSG00000178597	ENSG00000273777	ENSG00000180210	ENSG00000132693	ENSG00000092054	ENSG00000004939	ENSG00000183607	ENSG00000163295	ENSG00000237136	ENSG00000184486	ENSG00000122584	ENSG00000171532	ENSG00000113100	ENSG00000168348	ENSG00000187823	ENSG00000174992	ENSG00000244122	ENSG00000135248	ENSG00000149124	ENSG00000254695	ENSG00000188620	ENSG00000169906	ENSG00000181072	ENSG00000243543	ENSG00000133863	
ENSG00000154975	ENSG00000163202	ENSG00000111218	ENSG00000105605	ENSG00000101958	ENSG00000163530	ENSG00000163792	ENSG00000165702	ENSG00000126890	ENSG00000140522	ENSG00000172238	ENSG00000101951	ENSG00000168875	ENSG00000254695	ENSG00000164756	ENSG00000187714	ENSG00000158816	ENSG00000009709	ENSG00000186458	ENSG00000137948	ENSG00000108849	ENSG00000166634	ENSG00000118017	ENSG00000186288	ENSG00000084674	ENSG00000156096	ENSG00000166159	ENSG00000151418	ENSG00000169605	ENSG00000172023	ENSG00000178795	ENSG00000177108	ENSG00000015592	ENSG00000169933	ENSG00000111262	ENSG00000159248	ENSG00000100341	ENSG00000164822	ENSG00000162494	ENSG00000187690	ENSG00000124568	ENSG00000151704	ENSG00000115850	ENSG00000141434	ENSG00000255394	ENSG00000142224	ENSG00000184601	
ENSG00000036565	ENSG00000184330	ENSG00000175513	ENSG00000175664	ENSG00000156395	ENSG00000165643	ENSG00000183631	ENSG00000203812	ENSG00000046774	ENSG00000077498	ENSG00000167117	ENSG00000164122	ENSG00000242366	ENSG00000163394	ENSG00000166509	ENSG00000198049	ENSG00000204941	ENSG00000178403	ENSG00000280969	ENSG00000131914	ENSG00000143954	ENSG00000129170	ENSG00000167580	ENSG00000140506	ENSG00000113889	ENSG00000163825	ENSG00000169306	ENSG00000161270			ENSG00000196604	ENSG00000204347	ENSG00000075043	ENSG00000243902	ENSG00000152822	ENSG00000274588	ENSG00000171446	ENSG00000133742	ENSG00000204021	ENSG00000164744	ENSG00000124564	ENSG00000036828	ENSG00000168267	ENSG00000162761	ENSG00000278505	ENSG00000140481	ENSG00000171772	
ENSG00000183654	ENSG00000187054	ENSG00000269526	ENSG00000165478	ENSG00000100884	ENSG00000215148	ENSG00000188729	ENSG00000242550	ENSG00000187772	ENSG00000188467	ENSG00000168903	ENSG00000186526	ENSG00000186723	ENSG00000011083	ENSG00000184811	ENSG00000168515	ENSG00000110975	ENSG00000118702	ENSG00000255151	ENSG00000214107	ENSG00000124490	ENSG00000186439	ENSG00000256713	ENSG00000163810	ENSG00000140093	ENSG00000113905	ENSG00000145242	ENSG00000162399			ENSG00000237243	ENSG00000130287	ENSG00000170091	ENSG00000011083	ENSG00000198883	ENSG00000107147	ENSG00000104941	ENSG00000183463	ENSG00000268940	ENSG00000164458	ENSG00000183747	ENSG00000074803	ENSG00000147262	ENSG00000214782	ENSG00000203857	ENSG00000163885	ENSG00000153779	
ENSG00000165606	ENSG00000196805	ENSG00000204001	ENSG00000177108	ENSG00000180332	ENSG00000089116	ENSG00000204296	ENSG00000169877	ENSG00000185247	ENSG00000105679	ENSG00000090402	ENSG00000166006		ENSG00000215475	ENSG00000173335	ENSG00000071677	ENSG00000215262	ENSG00000115593	ENSG00000204174	ENSG00000159224	ENSG00000145642	ENSG00000122180	ENSG00000272395	ENSG00000198062	ENSG00000132855	ENSG00000145192	ENSG00000171201	ENSG00000074803			ENSG00000143552	ENSG00000256463	ENSG00000072182	ENSG00000273079	ENSG00000109158	ENSG00000123307	ENSG00000072315	ENSG00000241224	ENSG00000120211	ENSG00000096395	ENSG00000113492	ENSG00000205279	ENSG00000167612	ENSG00000188828	ENSG00000124157	ENSG00000188817	ENSG00000121634	
ENSG00000122584	ENSG00000203783	ENSG00000180532	ENSG00000178235	ENSG00000148826	ENSG00000174343	ENSG00000182533	ENSG00000185198	ENSG00000124260	ENSG00000168843	ENSG00000168955	ENSG00000135346		ENSG00000070915	ENSG00000180777	ENSG00000159495	ENSG00000183571	ENSG00000185149		ENSG00000179046	ENSG00000136698	ENSG00000135902		ENSG00000205856	ENSG00000110244	ENSG00000021852	ENSG00000204352	ENSG00000165694			ENSG00000189099	ENSG00000125462	ENSG00000152954	ENSG00000164600	ENSG00000198010	ENSG00000106341	ENSG00000186146	ENSG00000123561	ENSG00000188393	ENSG00000133980	ENSG00000250799	ENSG00000004939	ENSG00000262543		ENSG00000186009	ENSG00000134216	ENSG00000091128	
ENSG00000187135	ENSG00000185966		ENSG00000125462	ENSG00000196071	ENSG00000182583	ENSG00000125823	ENSG00000107447	ENSG00000170516	ENSG00000065371	ENSG00000137634	ENSG00000256463		ENSG00000172995	ENSG00000196427	ENSG00000169688	ENSG00000173612	ENSG00000177238		ENSG00000137090	ENSG00000095981	ENSG00000125414		ENSG00000172410	ENSG00000163581	ENSG00000241635	ENSG00000184611	ENSG00000113073			ENSG00000261667	ENSG00000165566	ENSG00000116147	ENSG00000178394	ENSG00000223609	ENSG00000183654	ENSG00000257520	ENSG00000182271	ENSG00000256797	ENSG00000187569	ENSG00000197891	ENSG00000169344	ENSG00000124557		ENSG00000154646	ENSG00000157330	ENSG00000224109	
ENSG00000125813	ENSG00000145879		ENSG00000152910	ENSG00000224586	ENSG00000132681	ENSG00000261272	ENSG00000272196	ENSG00000155495	ENSG00000134160	ENSG00000169876	ENSG00000250423		ENSG00000241233	ENSG00000141977	ENSG00000182035	ENSG00000166220	ENSG00000249509		ENSG00000129152	ENSG00000126266	ENSG00000109061			ENSG00000131482	ENSG00000055957	ENSG00000176294	ENSG00000151704			ENSG00000178404	ENSG00000092054	ENSG00000197177	ENSG00000136535	ENSG00000267909	ENSG00000182674	ENSG00000169067	ENSG00000141316	ENSG00000198021	ENSG00000105370	ENSG00000163581	ENSG00000151418	ENSG00000185176		ENSG00000187242	ENSG00000171595	ENSG00000189186	
ENSG00000165462	ENSG00000167916		ENSG00000169006	ENSG00000158901	ENSG00000102195	ENSG00000104818	ENSG00000169704	ENSG00000234068	ENSG00000165192	ENSG00000164816	ENSG00000104755		ENSG00000123569	ENSG00000170054	ENSG00000175097	ENSG00000171496	ENSG00000106631		ENSG00000115665	ENSG00000175535	ENSG00000111046			ENSG00000143921	ENSG00000101323	ENSG00000145839	ENSG00000161992			ENSG00000253767	ENSG00000188674	ENSG00000077080	ENSG00000137766	ENSG00000169877	ENSG00000231824	ENSG00000109208	ENSG00000203859	ENSG00000167104	ENSG00000203909	ENSG00000081800	ENSG00000070915	ENSG00000184984		ENSG00000125879	ENSG00000183644	ENSG00000177910	
ENSG00000170091	ENSG00000185860		ENSG00000144285	ENSG00000178287	ENSG00000235994	ENSG00000224659	ENSG00000251692	ENSG00000155622	ENSG00000184486	ENSG00000016490	ENSG00000124721		ENSG00000196277	ENSG00000183434	ENSG00000100012	ENSG00000173585	ENSG00000161634		ENSG00000163440	ENSG00000152254	ENSG00000163380			ENSG00000256162	ENSG00000134538		ENSG00000169344			ENSG00000254019	ENSG00000198739	ENSG00000077279	ENSG00000168959	ENSG00000121764	ENSG00000036565	ENSG00000140505	ENSG00000185940	ENSG00000189252	ENSG00000142182	ENSG00000241119	ENSG00000204511	ENSG00000163793		ENSG00000144460	ENSG00000137473	ENSG00000205456	
ENSG00000187323	ENSG00000184148		ENSG00000171587	ENSG00000177182	ENSG00000217236	ENSG00000188581	ENSG00000239839	ENSG00000267978	ENSG00000188269	ENSG00000145384	ENSG00000175868		ENSG00000188869	ENSG00000186086	ENSG00000188992	ENSG00000187821	ENSG00000131686		ENSG00000120937	ENSG00000142789	ENSG00000196811			ENSG00000122194	ENSG00000172497		ENSG00000205279			ENSG00000255374	ENSG00000111783	ENSG00000261678	ENSG00000225110	ENSG00000148386	ENSG00000109132	ENSG00000182348			ENSG00000238205	ENSG00000164325	ENSG00000116218	ENSG00000184945		ENSG00000160683	ENSG00000226321	ENSG00000214967	
ENSG00000162992	ENSG00000198092		ENSG00000198822	ENSG00000235711	ENSG00000180772	ENSG00000179300	ENSG00000276410	ENSG00000158639	ENSG00000118113	ENSG00000244355	ENSG00000243135		ENSG00000126545	ENSG00000139304	ENSG00000183269	ENSG00000188076	ENSG00000170262		ENSG00000261949	ENSG00000168925	ENSG00000185915			ENSG00000187048	ENSG00000187758		ENSG00000116218			ENSG00000188152	ENSG00000165478	ENSG00000100678	ENSG00000091664	ENSG00000243062	ENSG00000165606	ENSG00000231924			ENSG00000130182	ENSG00000125255	ENSG00000161992	ENSG00000170255		ENSG00000171209	ENSG00000176601		
ENSG00000164588	ENSG00000179826		ENSG00000153266	ENSG00000174453	ENSG00000147246	ENSG00000197213	ENSG00000163554	ENSG00000068985	ENSG00000124900	ENSG00000266200	ENSG00000176635		ENSG00000187855	ENSG00000108417	ENSG00000122145	ENSG00000138039	ENSG00000174792		ENSG00000239620	ENSG00000219073	ENSG00000170162			ENSG00000178772	ENSG00000079557		ENSG00000181562			ENSG00000256188	ENSG00000171587	ENSG00000253457	ENSG00000157219	ENSG00000178734	ENSG00000147571	ENSG00000187922			ENSG00000112273	ENSG00000187048	ENSG00000162399	ENSG00000178257		ENSG00000214415	ENSG00000165383		
ENSG00000186297	ENSG00000158786		ENSG00000188011	ENSG00000174450	ENSG00000198883		ENSG00000124469	ENSG00000238269	ENSG00000182968	ENSG00000163515	ENSG00000119913		ENSG00000180264	ENSG00000109424	ENSG00000185069	ENSG00000176009	ENSG00000135413		ENSG00000141161	ENSG00000105675	ENSG00000138347			ENSG00000149124	ENSG00000168509		ENSG00000186335			ENSG00000212128	ENSG00000134376	ENSG00000184672	ENSG00000156486	ENSG00000259916	ENSG00000165462	ENSG00000185974			ENSG00000168263	ENSG00000242048	ENSG00000149452	ENSG00000178358		ENSG00000139053	ENSG00000197745		
ENSG00000147571	ENSG00000227877		ENSG00000180613	ENSG00000179520	ENSG00000189064		ENSG00000149516	ENSG00000156269	ENSG00000127530	ENSG00000205922			ENSG00000173610	ENSG00000101435	ENSG00000099721	ENSG00000267467	ENSG00000165131		ENSG00000182111	ENSG00000111732	ENSG00000170807			ENSG00000124568	ENSG00000188582		ENSG00000158955			ENSG00000187537	ENSG00000169181	ENSG00000155511	ENSG00000154478	ENSG00000167419	ENSG00000169618	ENSG00000188784			ENSG00000203908	ENSG00000174358	ENSG00000158748			ENSG00000277399	ENSG00000126838		
ENSG00000177511	ENSG00000185962		ENSG00000214688		ENSG00000118231		ENSG00000136929	ENSG00000183128	ENSG00000100142	ENSG00000095110			ENSG00000164893	ENSG00000180269	ENSG00000166118	ENSG00000198471	ENSG00000179930		ENSG00000166049	ENSG00000121351	ENSG00000177257			ENSG00000250799	ENSG00000157131		ENSG00000198398			ENSG00000184258	ENSG00000187902	ENSG00000177511	ENSG00000205279	ENSG00000102239	ENSG00000113196	ENSG00000124467			ENSG00000198633	ENSG00000145626	ENSG00000158955			ENSG00000229859	ENSG00000173627		
ENSG00000146352	ENSG00000143536		ENSG00000130287		ENSG00000107831		ENSG00000169575	ENSG00000184351	ENSG00000039987	ENSG00000250641			ENSG00000155052	ENSG00000157542		ENSG00000237353	ENSG00000259916		ENSG00000186790	ENSG00000179751	ENSG00000182816			ENSG00000145626	ENSG00000169856		ENSG00000232624			ENSG00000226761	ENSG00000196767	ENSG00000013293	ENSG00000196277	ENSG00000075429	ENSG00000254656	ENSG00000277288			ENSG00000156009	ENSG00000157322	ENSG00000113073			ENSG00000163518	ENSG00000080572		
ENSG00000145526	ENSG00000215853		ENSG00000184302		ENSG00000212724		ENSG00000186652	ENSG00000227234	ENSG00000204347	ENSG00000187258			ENSG00000183668	ENSG00000172940		ENSG00000196224	ENSG00000237338		ENSG00000185792	ENSG00000162438	ENSG00000197616			ENSG00000066813	ENSG00000109181		ENSG00000172969			ENSG00000188649	ENSG00000129159	ENSG00000204071	ENSG00000152034	ENSG00000143107	ENSG00000181215	ENSG00000105198			ENSG00000255192	ENSG00000112337	ENSG00000161270			ENSG00000125831	ENSG00000174898		
ENSG00000215612	ENSG00000203837		ENSG00000204278		ENSG00000176566		ENSG00000206177	ENSG00000198033	ENSG00000163081	ENSG00000204361			ENSG00000137766			ENSG00000244411	ENSG00000213316		ENSG00000101448	ENSG00000168928	ENSG00000251258			ENSG00000162365	ENSG00000100652					ENSG00000212126	ENSG00000198822	ENSG00000113327	ENSG00000146360	ENSG00000196565	ENSG00000100987	ENSG00000140107			ENSG00000075388	ENSG00000164363	ENSG00000186335			ENSG00000109991	ENSG00000230062		
ENSG00000182674	ENSG00000240386		ENSG00000111783		ENSG00000171195		ENSG00000173124	ENSG00000185640	ENSG00000139915	ENSG00000177984			ENSG00000188162			ENSG00000124812	ENSG00000228607		ENSG00000224960	ENSG00000142615	ENSG00000187616			ENSG00000183747	ENSG00000113600					ENSG00000204683	ENSG00000152208	ENSG00000136267	ENSG00000189181	ENSG00000236543	ENSG00000166603	ENSG00000174417			ENSG00000147596	ENSG00000110887	ENSG00000214978			ENSG00000106331	ENSG00000174844		
ENSG00000101638	ENSG00000182938		ENSG00000134376		ENSG00000106302		ENSG00000196565	ENSG00000169059	ENSG00000205126	ENSG00000187658			ENSG00000154478			ENSG00000177938			ENSG00000172073	ENSG00000243480	ENSG00000114487			ENSG00000137204	ENSG00000122787					ENSG00000171989	ENSG00000169006	ENSG00000162728	ENSG00000175766	ENSG00000170180	ENSG00000070886	ENSG00000275722			ENSG00000120094	ENSG00000168333	ENSG00000186766			ENSG00000169340	ENSG00000162598		
ENSG00000159248	ENSG00000255501		ENSG00000255980		ENSG00000204889		ENSG00000162594	ENSG00000198573	ENSG00000080511	ENSG00000135702			ENSG00000173452						ENSG00000148704	ENSG00000187021	ENSG00000163833			ENSG00000113492	ENSG00000244414					ENSG00000149651	ENSG00000204655	ENSG00000089169	ENSG00000149305	ENSG00000164821	ENSG00000168830				ENSG00000111704	ENSG00000132855	ENSG00000198398			ENSG00000187533	ENSG00000165164		
ENSG00000136750	ENSG00000136694		ENSG00000187902		ENSG00000186895		ENSG00000214897	ENSG00000132446	ENSG00000125816	ENSG00000071203			ENSG00000149305						ENSG00000132972		ENSG00000115592			ENSG00000110887	ENSG00000110243					ENSG00000108255	ENSG00000152910	ENSG00000187135	ENSG00000204962	ENSG00000206177	ENSG00000168418				ENSG00000268696	ENSG00000157335	ENSG00000167941			ENSG00000274419	ENSG00000170788		
ENSG00000164100	ENSG00000131737				ENSG00000237412		ENSG00000167210	ENSG00000161849	ENSG00000126550	ENSG00000204614			ENSG00000169933						ENSG00000147896		ENSG00000081248			ENSG00000112337	ENSG00000111713					ENSG00000222038	ENSG00000144285	ENSG00000147481		ENSG00000107447	ENSG00000198570				ENSG00000196350	ENSG00000131482	ENSG00000164893			ENSG00000203756	ENSG00000189350		
ENSG00000077279	ENSG00000203786				ENSG00000188816		ENSG00000112077	ENSG00000184478	ENSG00000126856	ENSG00000101074			ENSG00000136535						ENSG00000221957		ENSG00000139780			ENSG00000124564	ENSG00000140107					ENSG00000030304	ENSG00000178235	ENSG00000136297		ENSG00000161610	ENSG00000169676				ENSG00000151962	ENSG00000182156	ENSG00000164853			ENSG00000147081	ENSG00000187905		
ENSG00000144227	ENSG00000197084				ENSG00000248713		ENSG00000237693	ENSG00000082293	ENSG00000109047	ENSG00000196900			ENSG00000146360						ENSG00000143006		ENSG00000163092			ENSG00000241119	ENSG00000184999					ENSG00000196834	ENSG00000182968	ENSG00000166111		ENSG00000138472	ENSG00000157542				ENSG00000170748	ENSG00000184022	ENSG00000165694			ENSG00000112486	ENSG00000182329		
ENSG00000075043	ENSG00000189051				ENSG00000170044		ENSG00000230657	ENSG00000261649	ENSG00000153820	ENSG00000122859			ENSG00000189181						ENSG00000206105		ENSG00000163492			ENSG00000182156	ENSG00000149742					ENSG00000078795	ENSG00000234224	ENSG00000101203		ENSG00000167210	ENSG00000125522				ENSG00000260734	ENSG00000145321	ENSG00000110975			ENSG00000229183	ENSG00000162510		
ENSG00000101180	ENSG00000204539				ENSG00000120210		ENSG00000250361	ENSG00000006059	ENSG00000254466	ENSG00000134812			ENSG00000156486						ENSG00000248746		ENSG00000157119			ENSG00000197891	ENSG00000072080					ENSG00000116703	ENSG00000168314	ENSG00000172995		ENSG00000166926	ENSG00000232258				ENSG00000166211	ENSG00000256162	ENSG00000138039						
ENSG00000274588	ENSG00000187173				ENSG00000187550		ENSG00000146399	ENSG00000160505	ENSG00000204033	ENSG00000182352			ENSG00000273079						ENSG00000168757		ENSG00000177354			ENSG00000275489	ENSG00000275152					ENSG00000139797	ENSG00000188011	ENSG00000273238		ENSG00000213934	ENSG00000273274				ENSG00000184735	ENSG00000162365	ENSG00000248713						
ENSG00000188730	ENSG00000185873				ENSG00000171794		ENSG00000213934	ENSG00000205642	ENSG00000205649	ENSG00000182333			ENSG00000091664						ENSG00000274391		ENSG00000185053			ENSG00000128313	ENSG00000105550					ENSG00000152592	ENSG00000185610	ENSG00000152214		ENSG00000186652	ENSG00000159224				ENSG00000213973	ENSG00000180658	ENSG00000158816						
ENSG00000132975	ENSG00000198854				ENSG00000112238		ENSG00000164821		ENSG00000188770	ENSG00000189052			ENSG00000225110						ENSG00000258992		ENSG00000206422			ENSG00000081800	ENSG00000198077					ENSG00000203737	ENSG00000134595	ENSG00000186487		ENSG00000169194	ENSG00000174145				ENSG00000187268	ENSG00000137204	ENSG00000173610						
ENSG00000070886	ENSG00000134765				ENSG00000212901		ENSG00000206127		ENSG00000118434	ENSG00000183146			ENSG00000149452						ENSG00000180483		ENSG00000146809			ENSG00000164363	ENSG00000143278					ENSG00000134007	ENSG00000140522	ENSG00000139767		ENSG00000136929	ENSG00000112038				ENSG00000242950	ENSG00000122194	ENSG00000172969						
ENSG00000260903	ENSG00000156282				ENSG00000102891		ENSG00000174948		ENSG00000140623	ENSG00000162779			ENSG00000175766						ENSG00000146839		ENSG00000227802				ENSG00000101981					ENSG00000259571	ENSG00000142698	ENSG00000180332		ENSG00000124232	ENSG00000239389				ENSG00000140798	ENSG00000143954	ENSG00000181562						
ENSG00000184672	ENSG00000172867				ENSG00000165953		ENSG00000204424		ENSG00000197595	ENSG00000161652			ENSG00000178394						ENSG00000186190		ENSG00000186226				ENSG00000145826					ENSG00000254440	ENSG00000139915	ENSG00000148826		ENSG00000112077	ENSG00000205086				ENSG00000138675	ENSG00000172940	ENSG00000162763						
ENSG00000156925	ENSG00000136696				ENSG00000164900		ENSG00000124232		ENSG00000276076	ENSG00000213822									ENSG00000119614		ENSG00000111536				ENSG00000165471					ENSG00000102128	ENSG00000163285	ENSG00000145526		ENSG00000230657	ENSG00000099715				ENSG00000135355	ENSG00000084674	ENSG00000187821						
ENSG00000113327	ENSG00000184459				ENSG00000186191		ENSG00000170180		ENSG00000205867										ENSG00000138653		ENSG00000070748				ENSG00000134389					ENSG00000006788	ENSG00000153820	ENSG00000233670		ENSG00000166947	ENSG00000123576				ENSG00000227059	ENSG00000178772	ENSG00000169393						
ENSG00000168412	ENSG00000189182				ENSG00000267909		ENSG00000174279		ENSG00000101251										ENSG00000244588		ENSG00000144644				ENSG00000080910					ENSG00000136488	ENSG00000197430	ENSG00000166862		ENSG00000151615	ENSG00000145888				ENSG00000226792	ENSG00000167580	ENSG00000127412						
ENSG00000185942	ENSG00000204020				ENSG00000177551		ENSG00000154611		ENSG00000196859										ENSG00000176988		ENSG00000183251				ENSG00000159650					ENSG00000147059	ENSG00000150275	ENSG00000178171		ENSG00000230778	ENSG00000149488				ENSG00000092345	ENSG00000118017	ENSG00000173612						
ENSG00000254656	ENSG00000186844				ENSG00000135226		ENSG00000166947		ENSG00000173976										ENSG00000166664		ENSG00000174407				ENSG00000134365					ENSG00000248483	ENSG00000204278	ENSG00000144290		ENSG00000163554	ENSG00000101292				ENSG00000176979	ENSG00000197658	ENSG00000213316						
ENSG00000143199	ENSG00000203782				ENSG00000213030		ENSG00000178734		ENSG00000260548										ENSG00000111305		ENSG00000129744				ENSG00000244474					ENSG00000174038	ENSG00000162992	ENSG00000119973			ENSG00000182631				ENSG00000147869	ENSG00000113889	ENSG00000173585						
ENSG00000129159	ENSG00000187180				ENSG00000180347		ENSG00000275356		ENSG00000164796										ENSG00000215009		ENSG00000101892				ENSG00000073734					ENSG00000122304	ENSG00000108231	ENSG00000067842			ENSG00000237412				ENSG00000180424	ENSG00000180210	ENSG00000186895						
ENSG00000198739	ENSG00000126337				ENSG00000111262		ENSG00000161610		ENSG00000224902										ENSG00000184571		ENSG00000174429				ENSG00000167910					ENSG00000204195	ENSG00000164796	ENSG00000101204			ENSG00000118231				ENSG00000176746	ENSG00000241224	ENSG00000232624						
ENSG00000147488	ENSG00000178690				ENSG00000172179		ENSG00000204379		ENSG00000175018										ENSG00000177138		ENSG00000185271				ENSG00000196600					ENSG00000057468	ENSG00000205810	ENSG00000215612			ENSG00000129152				ENSG00000102055	ENSG00000110245	ENSG00000188076						
ENSG00000101438	ENSG00000126549				ENSG00000197446		ENSG00000256660		ENSG00000163914										ENSG00000214324		ENSG00000184544				ENSG00000140505					ENSG00000259224	ENSG00000163288	ENSG00000169840			ENSG00000235994				ENSG00000176302	ENSG00000182271	ENSG00000174792						
ENSG00000171872	ENSG00000186442				ENSG00000269466		ENSG00000133105		ENSG00000105392												ENSG00000188716				ENSG00000174990					ENSG00000256762	ENSG00000168843	ENSG00000101438			ENSG00000115665				ENSG00000160224	ENSG00000256713	ENSG00000183571						
ENSG00000152208	ENSG00000244057				ENSG00000156150		ENSG00000205592		ENSG00000105954												ENSG00000273540				ENSG00000251685					ENSG00000263417	ENSG00000100142	ENSG00000022355			ENSG00000180269				ENSG00000147160	ENSG00000126890	ENSG00000198471						
ENSG00000143595	ENSG00000185933				ENSG00000102021		ENSG00000112115		ENSG00000280165												ENSG00000164270				ENSG00000198670					ENSG00000165076	ENSG00000145451	ENSG00000101180			ENSG00000150361				ENSG00000165509	ENSG00000082293							
ENSG00000253457	ENSG00000169551				ENSG00000187172		ENSG00000204382		ENSG00000166884												ENSG00000214097				ENSG00000159398					ENSG00000130167	ENSG00000166159	ENSG00000148482			ENSG00000187553				ENSG00000167355	ENSG00000100121							
ENSG00000101203	ENSG00000187223				ENSG00000182255		ENSG00000178115		ENSG00000130368												ENSG00000177752				ENSG00000125551					ENSG00000232196	ENSG00000136750	ENSG00000100884			ENSG00000183638				ENSG00000182521	ENSG00000205669							
ENSG00000101327	ENSG00000159455				ENSG00000155269		ENSG00000170160		ENSG00000165182												ENSG00000234438				ENSG00000186329					ENSG00000187516	ENSG00000166006	ENSG00000146352			ENSG00000132972				ENSG00000189023	ENSG00000143921							
ENSG00000147481	ENSG00000136697				ENSG00000138136		ENSG00000082126														ENSG00000186628				ENSG00000205846					ENSG00000164123	ENSG00000135973	ENSG00000260903			ENSG00000205899				ENSG00000152670	ENSG00000261649							
ENSG00000134595	ENSG00000196734				ENSG00000275126		ENSG00000185662														ENSG00000154415				ENSG00000179636					ENSG00000170848	ENSG00000153266	ENSG00000119283							ENSG00000237521	ENSG00000123561							
ENSG00000185742	ENSG00000172155				ENSG00000205777		ENSG00000221852														ENSG00000148377				ENSG00000021461					ENSG00000255154	ENSG00000145242	ENSG00000215397							ENSG00000205857	ENSG00000128313							
ENSG00000150275	ENSG00000143520				ENSG00000172752		ENSG00000102239																		ENSG00000104938					ENSG00000206531	ENSG00000183090	ENSG00000187323							ENSG00000182645	ENSG00000133742							
ENSG00000148604	ENSG00000213022				ENSG00000165583		ENSG00000230778																		ENSG00000188676					ENSG00000188107	ENSG00000224675	ENSG00000148604							ENSG00000167014	ENSG00000111732							
ENSG00000257138	ENSG00000206199				ENSG00000164853		ENSG00000187950																		ENSG00000187545					ENSG00000180219	ENSG00000175664	ENSG00000147488							ENSG00000236424	ENSG00000124196							
ENSG00000126733	ENSG00000276430				ENSG00000166800		ENSG00000171053																		ENSG00000165682					ENSG00000280197	ENSG00000176294	ENSG00000163630							ENSG00000173389	ENSG00000273111							
ENSG00000136267	ENSG00000258713				ENSG00000196468		ENSG00000138472																		ENSG00000129965					ENSG00000152591	ENSG00000204352	ENSG00000105143							ENSG00000131721	ENSG00000271880							
ENSG00000204071	ENSG00000235942				ENSG00000169393		ENSG00000141086																		ENSG00000248050					ENSG00000171054	ENSG00000255980	ENSG00000185742							ENSG00000206260	ENSG00000186038							
ENSG00000144290	ENSG00000186207				ENSG00000123584		ENSG00000172717																		ENSG00000263761					ENSG00000214102	ENSG00000169306	ENSG00000186297							ENSG00000263574	ENSG00000215148							
ENSG00000188778	ENSG00000182261				ENSG00000203972		ENSG00000151838																		ENSG00000168619					ENSG00000256394	ENSG00000145839	ENSG00000185942							ENSG00000175718	ENSG00000203942							
ENSG00000123576	ENSG00000173077				ENSG00000125363		ENSG00000269096																		ENSG00000042781					ENSG00000170790	ENSG00000110887	ENSG00000172568							ENSG00000142538	ENSG00000164393							
ENSG00000231824	ENSG00000166948				ENSG00000204612		ENSG00000239590																		ENSG00000204501					ENSG00000184954	ENSG00000214688	ENSG00000101327							ENSG00000184210	ENSG00000155719							
ENSG00000233670	ENSG00000198178				ENSG00000205899		ENSG00000153165																		ENSG00000180053					ENSG00000188771	ENSG00000180613	ENSG00000101638							ENSG00000181965	ENSG00000279847							
ENSG00000144130	ENSG00000197915				ENSG00000260458		ENSG00000187151																		ENSG00000237700					ENSG00000113525	ENSG00000184302	ENSG00000166573							ENSG00000164729	ENSG00000225899							
ENSG00000166111	ENSG00000115488				ENSG00000213231		ENSG00000166926																		ENSG00000234289					ENSG00000222004	ENSG00000184611	ENSG00000118733							ENSG00000223438	ENSG00000181903							
ENSG00000108231					ENSG00000131738		ENSG00000275895																		ENSG00000165841					ENSG00000205754	ENSG00000239839	ENSG00000206579							ENSG00000069206	ENSG00000239620							
ENSG00000205086					ENSG00000135409		ENSG00000236761																		ENSG00000121446					ENSG00000196772	ENSG00000096395	ENSG00000188730							ENSG00000223638	ENSG00000187550							
ENSG00000173157					ENSG00000141255		ENSG00000222028																		ENSG00000138684					ENSG00000215474	ENSG00000046774	ENSG00000196071							ENSG00000175646	ENSG00000137675							
ENSG00000232258					ENSG00000152822		ENSG00000125498																		ENSG00000204505					ENSG00000188050	ENSG00000160224	ENSG00000126733							ENSG00000162039	ENSG00000231068							
ENSG00000067842					ENSG00000182077		ENSG00000240403																		ENSG00000163217					ENSG00000197437	ENSG00000165509	ENSG00000165643							ENSG00000228927	ENSG00000144671							
ENSG00000178171					ENSG00000231738		ENSG00000151360																		ENSG00000237388					ENSG00000153230	ENSG00000147869	ENSG00000155052							ENSG00000243073	ENSG00000184351							
ENSG00000101292					ENSG00000182393		ENSG00000227729																		ENSG00000280236					ENSG00000231213	ENSG00000226792	ENSG00000144227							ENSG00000137707	ENSG00000109424							
ENSG00000174145					ENSG00000268964		ENSG00000185372																		ENSG00000183185					ENSG00000275572	ENSG00000121570	ENSG00000140015							ENSG00000161973	ENSG00000278500							
ENSG00000015592					ENSG00000117501		ENSG00000164500																		ENSG00000120563					ENSG00000170967	ENSG00000169704	ENSG00000177182							ENSG00000168676	ENSG00000164508							
ENSG00000100678					ENSG00000170484		ENSG00000169194																		ENSG00000182330					ENSG00000197591	ENSG00000203908	ENSG00000102290							ENSG00000189401	ENSG00000101200							
ENSG00000150361					ENSG00000168634		ENSG00000148386																							ENSG00000166363	ENSG00000213401	ENSG00000132975							ENSG00000061492	ENSG00000179270							
ENSG00000077080					ENSG00000182459		ENSG00000166368																							ENSG00000259030	ENSG00000206260	ENSG00000179520							ENSG00000164299	ENSG00000170486							
ENSG00000172209					ENSG00000118492		ENSG00000204480																							ENSG00000168158	ENSG00000069206	ENSG00000089116							ENSG00000173093	ENSG00000160202							
ENSG00000116147					ENSG00000175065		ENSG00000204671																							ENSG00000204961	ENSG00000130182	ENSG00000164100							ENSG00000188056	ENSG00000205864							
ENSG00000168830					ENSG00000197953		ENSG00000176160																							ENSG00000206102	ENSG00000155495	ENSG00000174453							ENSG00000184507	ENSG00000268320							
ENSG00000169618					ENSG00000180999		ENSG00000125900																							ENSG00000241128	ENSG00000185198	ENSG00000156925							ENSG00000164113	ENSG00000130377							
ENSG00000072182					ENSG00000133124		ENSG00000179088																							ENSG00000187475	ENSG00000142182	ENSG00000125813							ENSG00000178732	ENSG00000276289							
ENSG00000166603					ENSG00000257987		ENSG00000253148																							ENSG00000165762	ENSG00000204091	ENSG00000101958							ENSG00000224821	ENSG00000148215							
ENSG00000154997					ENSG00000205212		ENSG00000172404																							ENSG00000168582	ENSG00000227059	ENSG00000174576							ENSG00000204091	ENSG00000188937							
ENSG00000146926					ENSG00000197838		ENSG00000242019																							ENSG00000151577	ENSG00000178732	ENSG00000152595							ENSG00000077800	ENSG00000204897							
ENSG00000261678					ENSG00000197487		ENSG00000237787																							ENSG00000256892		ENSG00000163206							ENSG00000151475	ENSG00000177414							
ENSG00000140015					ENSG00000205864		ENSG00000145975																							ENSG00000203811		ENSG00000173157							ENSG00000184814	ENSG00000180475							
ENSG00000187553					ENSG00000178021		ENSG00000204010																									ENSG00000174343							ENSG00000176679								
ENSG00000102290					ENSG00000183034		ENSG00000189037																									ENSG00000143355							ENSG00000183304								
ENSG00000206579					ENSG00000172901		ENSG00000277150																									ENSG00000114204							ENSG00000165584								
ENSG00000139767					ENSG00000157060		ENSG00000151615																									ENSG00000171540							ENSG00000184560								
ENSG00000163288					ENSG00000171136		ENSG00000277481																									ENSG00000188816							ENSG00000205097								
ENSG00000089169					ENSG00000171402		ENSG00000141748																									ENSG00000167194							ENSG00000275520								
ENSG00000197177					ENSG00000177414		ENSG00000270379																									ENSG00000146910							ENSG00000276380								
ENSG00000281106					ENSG00000221882		ENSG00000236320																									ENSG00000265203							ENSG00000185056								
ENSG00000119283					ENSG00000162624		ENSG00000244623																									ENSG00000174450							ENSG00000185823								
ENSG00000107147					ENSG00000151379		ENSG00000215131																									ENSG00000164438							ENSG00000229549								
ENSG00000146910					ENSG00000171501		ENSG00000121764																									ENSG00000182255							ENSG00000197617								
ENSG00000163285					ENSG00000233436		ENSG00000176510																									ENSG00000215475							ENSG00000214534								
ENSG00000109132					ENSG00000196406		ENSG00000236543																									ENSG00000111305							ENSG00000189167								
ENSG00000142698					ENSG00000106128		ENSG00000143107																									ENSG00000138653							ENSG00000203784								
ENSG00000169676					ENSG00000100121																											ENSG00000180483															
ENSG00000185610					ENSG00000181552																											ENSG00000168412															
ENSG00000196767					ENSG00000226372																											ENSG00000184258															
ENSG00000151812					ENSG00000174576																											ENSG00000160882															
ENSG00000148482					ENSG00000204963																											ENSG00000261667															
ENSG00000152954					ENSG00000124196																											ENSG00000182230															
ENSG00000100987					ENSG00000131951																											ENSG00000217236															
ENSG00000198570					ENSG00000183324																											ENSG00000162456															
ENSG00000106341					ENSG00000239605																											ENSG00000147246															
ENSG00000165566					ENSG00000248109																											ENSG00000074771															
ENSG00000273238					ENSG00000151033																											ENSG00000125492															
ENSG00000188674					ENSG00000108702																											ENSG00000138136															
ENSG00000182447					ENSG00000150244																											ENSG00000268964															
ENSG00000108825					ENSG00000102104																											ENSG00000137270															
ENSG00000166573					ENSG00000152936																											ENSG00000175077															
ENSG00000215397					ENSG00000106410																											ENSG00000106128															
ENSG00000149488					ENSG00000232125																											ENSG00000178722															
ENSG00000273274					ENSG00000164393																											ENSG00000120937															
ENSG00000224675					ENSG00000137270																											ENSG00000162761															
ENSG00000022355					ENSG00000183709																											ENSG00000136931															
ENSG00000013293					ENSG00000177468																											ENSG00000172689															
ENSG00000168348					ENSG00000178084																											ENSG00000198547															
ENSG00000166862					ENSG00000170935																											ENSG00000176136															
ENSG00000169840					ENSG00000171804																											ENSG00000141255															
ENSG00000186487					ENSG00000171405																											ENSG00000152592															
ENSG00000136297					ENSG00000144015																											ENSG00000187772															
ENSG00000149635					ENSG00000081148																											ENSG00000196096															
ENSG00000135973					ENSG00000137252																											ENSG00000188869															
ENSG00000152595					ENSG00000174325																											ENSG00000166800															
ENSG00000265203					ENSG00000172689																											ENSG00000124157															
ENSG00000172568					ENSG00000008197																											ENSG00000165970															
ENSG00000119973					ENSG00000180509																											ENSG00000166664															
ENSG00000181215					ENSG00000212899																											ENSG00000182698															
ENSG00000183090					ENSG00000186075																											ENSG00000235711															
ENSG00000258873					ENSG00000163254																											ENSG00000166558															
ENSG00000172967					ENSG00000106436																											ENSG00000184895															
ENSG00000239389					ENSG00000197123																											ENSG00000241233															
ENSG00000162728					ENSG00000204909																											ENSG00000215474															
ENSG00000182631					ENSG00000006659																											ENSG00000106648															
ENSG00000074771					ENSG00000125084																											ENSG00000107187															
ENSG00000196096					ENSG00000169836																											ENSG00000281106															
ENSG00000205810					ENSG00000170374																											ENSG00000168124															
ENSG00000171540					ENSG00000228836																											ENSG00000143595															
ENSG00000123307					ENSG00000104827																											ENSG00000250821															
					ENSG00000182187																											ENSG00000188000															
					ENSG00000197753																											ENSG00000102104															
					ENSG00000170486																											ENSG00000197753															
					ENSG00000204290																											ENSG00000259224															
					ENSG00000144010																											ENSG00000081148															
					ENSG00000163206																											ENSG00000204963															
					ENSG00000182898																											ENSG00000177551															
					ENSG00000137674																											ENSG00000124557															
					ENSG00000127362																											ENSG00000156150															
					ENSG00000188219																											ENSG00000112238															
					ENSG00000135443																											ENSG00000204965															
					ENSG00000173673																											ENSG00000146618															
					ENSG00000161609																											ENSG00000215009															
					ENSG00000226397																											ENSG00000231738															
					ENSG00000158748																											ENSG00000244020															
					ENSG00000142025																											ENSG00000218305															
					ENSG00000144771																											ENSG00000122375															
					ENSG00000075429																											ENSG00000185231															
					ENSG00000230601																											ENSG00000113262															
					ENSG00000135222																											ENSG00000196468															
					ENSG00000101200																											ENSG00000139053															
					ENSG00000125861																											ENSG00000188162															
					ENSG00000143032																											ENSG00000182077															
					ENSG00000170178																											ENSG00000204961															
					ENSG00000197826																											ENSG00000170044															
					ENSG00000096264																											ENSG00000204657															
					ENSG00000171487																											ENSG00000179142															
					ENSG00000178522																											ENSG00000160505															
					ENSG00000124610																											ENSG00000163530															
					ENSG00000197110																											ENSG00000148704															
					ENSG00000179817																											ENSG00000176040															
					ENSG00000182230																											ENSG00000187243															
					ENSG00000168124																											ENSG00000233932															
					ENSG00000164794																											ENSG00000069018															
					ENSG00000184895																											ENSG00000172967															
					ENSG00000255298																											ENSG00000183324															
					ENSG00000183921																											ENSG00000166329															
					ENSG00000132915																											ENSG00000154545															
					ENSG00000188000																											ENSG00000186367															
					ENSG00000183862																											ENSG00000152936															
					ENSG00000264424																											ENSG00000197487															
					ENSG00000139610																											ENSG00000182459															
					ENSG00000253831																											ENSG00000183559															
					ENSG00000279847																											ENSG00000151812															
					ENSG00000205022																											ENSG00000269466															
					ENSG00000142511																											ENSG00000151577															
					ENSG00000186912																											ENSG00000149133															
					ENSG00000251655																											ENSG00000197123															
					ENSG00000134640																											ENSG00000203663															
					ENSG00000197241																											ENSG00000154997															
					ENSG00000167531																											ENSG00000183560															
					ENSG00000171505																											ENSG00000172752															
					ENSG00000134438																											ENSG00000135222															
					ENSG00000271880																											ENSG00000139610															
					ENSG00000197416																											ENSG00000185897															
					ENSG00000213892																											ENSG00000163646															
					ENSG00000154438																											ENSG00000185792															
					ENSG00000189299																											ENSG00000204025															
					ENSG00000274209																											ENSG00000158077															
					ENSG00000111049																											ENSG00000187533															
					ENSG00000168594																											ENSG00000213892															
					ENSG00000230246																											ENSG00000214285															
					ENSG00000204086																											ENSG00000214513															
					ENSG00000150783																											ENSG00000203811															
					ENSG00000137675																											ENSG00000203756															
					ENSG00000185304																											ENSG00000203737															
					ENSG00000196166																											ENSG00000165370															
					ENSG00000107187																											ENSG00000219435															
					ENSG00000118245																											ENSG00000125084															
					ENSG00000116996																											ENSG00000221957															
					ENSG00000134571																											ENSG00000165762															
					ENSG00000215529																											ENSG00000124227															
					ENSG00000147432																											ENSG00000135409															
					ENSG00000180116																											ENSG00000091010															
					ENSG00000196800																											ENSG00000100565															
					ENSG00000109851																											ENSG00000102195															
					ENSG00000130656																											ENSG00000168582															
					ENSG00000218819																											ENSG00000179817															
					ENSG00000215864																											ENSG00000108702															
					ENSG00000187144																											ENSG00000178586															
					ENSG00000130711																											ENSG00000169836															
					ENSG00000186038																											ENSG00000171501															
					ENSG00000125533																											ENSG00000170820															
					ENSG00000180988																											ENSG00000256892															
					ENSG00000121335																											ENSG00000181752															
					ENSG00000104237																																										
					ENSG00000198765																																										
					ENSG00000146047																																										
					ENSG00000162753																																										
					ENSG00000129221																																										
					ENSG00000268320																																										
					ENSG00000160882																																										
					ENSG00000174914																																										
					ENSG00000249715																																										
					ENSG00000198010																																										
					ENSG00000176136																																										
					ENSG00000257008																																										
					ENSG00000244020																																										
					ENSG00000103310																																										
					ENSG00000214842																																										
					ENSG00000171360																																										
					ENSG00000203963																																										
					ENSG00000091010																																										
					ENSG00000104848																																										
					ENSG00000164871																																										
					ENSG00000188958																																										
					ENSG00000205186																																										
					ENSG00000179600																																										
					ENSG00000188425																																										
					ENSG00000212900																																										
					ENSG00000122375																																										
					ENSG00000100565																																										
					ENSG00000118972																																										
					ENSG00000173626																																										
					ENSG00000173908																																										
					ENSG00000250803																																										
					ENSG00000157654																																										
					ENSG00000186103																																										
					ENSG00000185758																																										
					ENSG00000182591																																										
					ENSG00000204897																																										
					ENSG00000184471																																										
					ENSG00000232939																																										
					ENSG00000179142																																										
					ENSG00000264717																																										
					ENSG00000183560																																										
					ENSG00000177462																																										
					ENSG00000180305																																										
					ENSG00000272514																																										
					ENSG00000168930																																										
					ENSG00000188984																																										
					ENSG00000185231																																										
					ENSG00000113100																																										
					ENSG00000102794																																										
					ENSG00000196433																																										
					ENSG00000147613																																										
					ENSG00000138483																																										
					ENSG00000273111																																										
					ENSG00000269699																																										
					ENSG00000205678																																										
					ENSG00000221826																																										
					ENSG00000204025																																										
					ENSG00000116726																																										
					ENSG00000213218																																										
					ENSG00000187753																																										
					ENSG00000204022																																										
					ENSG00000136275																																										
					ENSG00000136487																																										
					ENSG00000114349																																										
					ENSG00000114124																																										
					ENSG00000203910																																										
					ENSG00000212722																																										
					ENSG00000185888																																										
					ENSG00000185897																																										
					ENSG00000215274																																										
					ENSG00000187806																																										
					ENSG00000242221																																										
					ENSG00000112116																																										
					ENSG00000249481																																										
					ENSG00000163646																																										
					ENSG00000205111																																										
					ENSG00000170279																																										
					ENSG00000155719																																										
					ENSG00000132671																																										
					ENSG00000182223																																										
					ENSG00000176198																																										
					ENSG00000196156																																										
					ENSG00000156575																																										
					ENSG00000205018																																										
					ENSG00000249139																																										
					ENSG00000124089																																										
					ENSG00000263201																																										
					ENSG00000170925																																										
					ENSG00000173572																																										
					ENSG00000254636																																										
					ENSG00000186714																																										
					ENSG00000255359																																										
					ENSG00000162592																																										
					ENSG00000171931																																										
					ENSG00000171773																																										
					ENSG00000162843																																										
					ENSG00000259384																																										
					ENSG00000261480																																										
					ENSG00000241595																																										
					ENSG00000241322																																										
					ENSG00000189030																																										
					ENSG00000205174																																										
					ENSG00000182053																																										
					ENSG00000185958																																										
					ENSG00000185960																																										
					ENSG00000224613																																										
					ENSG00000181616																																										
					ENSG00000165970																																										
					ENSG00000134588																																										
					ENSG00000165623																																										
					ENSG00000109471																																										
					ENSG00000276289																																										
					ENSG00000180083																																										
					ENSG00000198798																																										
					ENSG00000168148																																										
					ENSG00000125815																																										
					ENSG00000274183																																										
					ENSG00000152430																																										
					ENSG00000178395																																										
					ENSG00000105507																																										
					ENSG00000154143																																										
					ENSG00000125888																																										
					ENSG00000240224																																										
					ENSG00000131264																																										
					ENSG00000204595																																										
					ENSG00000186977																																										
					ENSG00000204300																																										
					ENSG00000186860																																										
					ENSG00000121853																																										
					ENSG00000204965																																										
					ENSG00000139648																																										
					ENSG00000136834																																										
					ENSG00000205359																																										
					ENSG00000204279																																										
					ENSG00000205442																																										
					ENSG00000185899																																										
					ENSG00000187747																																										
					ENSG00000204183																																										
					ENSG00000120289																																										
					ENSG00000130377																																										
					ENSG00000188909																																										
					ENSG00000143105																																										
					ENSG00000197683																																										
					ENSG00000240021																																										
					ENSG00000198390																																										
					ENSG00000185177																																										
					ENSG00000240871																																										
					ENSG00000241598																																										
					ENSG00000155026																																										
					ENSG00000101446																																										
					ENSG00000248546																																										
					ENSG00000174876																																										
					ENSG00000160202																																										
					ENSG00000172938																																										
					ENSG00000172640																																										
					ENSG00000172362																																										
					ENSG00000261210																																										
					ENSG00000198547																																										
					ENSG00000196570																																										
					ENSG00000163424																																										
					ENSG00000268223																																										
					ENSG00000163705																																										
					ENSG00000169214																																										
					ENSG00000131068																																										
					ENSG00000064835																																										
					ENSG00000274749																																										
					ENSG00000167791																																										
					ENSG00000165204																																										
					ENSG00000276950																																										
					ENSG00000197079																																										
					ENSG00000166090																																										
					ENSG00000177689																																										
					ENSG00000204449																																										
					ENSG00000178997																																										
					ENSG00000125492																																										
					ENSG00000184389																																										
					ENSG00000184032																																										
					ENSG00000214513																																										
					ENSG00000214518																																										
					ENSG00000214978																																										
					ENSG00000183206																																										
					ENSG00000215545																																										
					ENSG00000148215																																										
					ENSG00000223614																																										
					ENSG00000181733																																										
					ENSG00000188334																																										
					ENSG00000203663																																										
					ENSG00000179213																																										
					ENSG00000179270																																										
					ENSG00000150676																																										
					ENSG00000179709																																										
					ENSG00000180090																																										
					ENSG00000109158																																										
					ENSG00000196266																																										
					ENSG00000189090																																										
					ENSG00000187857																																										
					ENSG00000130385																																										
					ENSG00000187272																																										
					ENSG00000187980																																										
					ENSG00000135569																																										
					ENSG00000188120																																										
					ENSG00000189152																																										
					ENSG00000135175																																										
					ENSG00000136939																																										
					ENSG00000196689																																										
					ENSG00000131379																																										
					ENSG00000188324																																										
					ENSG00000196119																																										
					ENSG00000188782																																										
					ENSG00000188388																																										
					ENSG00000188558																																										
					ENSG00000188691																																										
					ENSG00000196289																																										
					ENSG00000188991																																										
					ENSG00000176239																																										
					ENSG00000187238																																										
					ENSG00000187175																																										
					ENSG00000157093																																										
					ENSG00000175398																																										
					ENSG00000175514																																										
					ENSG00000175728																																										
					ENSG00000155890																																										
					ENSG00000176200																																										
					ENSG00000155833																																										
					ENSG00000176774																																										
					ENSG00000176787																																										
					ENSG00000176893																																										
					ENSG00000177047																																										
					ENSG00000177143																																										
					ENSG00000177174																																										
					ENSG00000154485																																										
					ENSG00000177476																																										
					ENSG00000177504																																										
					ENSG00000177535																																										
					ENSG00000177673																																										
					ENSG00000177710																																										
					ENSG00000177947																																										
					ENSG00000177992																																										
					ENSG00000178722																																										
					ENSG00000178928																																										
					ENSG00000179055																																										
					ENSG00000152093																																										
					ENSG00000174957																																										
					ENSG00000174255																																										
					ENSG00000161594																																										
					ENSG00000170683																																										
					ENSG00000165972																																										
					ENSG00000166930																																										
					ENSG00000167139																																										
					ENSG00000167633																																										
					ENSG00000165202																																										
					ENSG00000165120																																										
					ENSG00000168454																																										
					ENSG00000168828																																										
					ENSG00000164304																																										
					ENSG00000163982																																										
					ENSG00000170289																																										
					ENSG00000170820																																										
					ENSG00000161850																																										
					ENSG00000170923																																										
					ENSG00000170929																																										
					ENSG00000170948																																										
					ENSG00000170950																																										
					ENSG00000171060																																										
					ENSG00000171396																																										
					ENSG00000171459																																										
					ENSG00000171855																																										
					ENSG00000171987																																										
					ENSG00000172365																																										
					ENSG00000172464																																										
					ENSG00000179165																																										
					ENSG00000179172																																										
					ENSG00000179468																																										
					ENSG00000186136																																										
					ENSG00000184345																																										
					ENSG00000144962																																										
					ENSG00000144671																																										
					ENSG00000184698																																										
					ENSG00000184724																																										
					ENSG00000184933																																										
					ENSG00000185040																																										
					ENSG00000185313																																										
					ENSG00000142163																																										
					ENSG00000186049																																										
					ENSG00000186090																																										
					ENSG00000186143																																										
					ENSG00000184276																																										
					ENSG00000186306																																										
					ENSG00000186393																																										
					ENSG00000186562																																										
					ENSG00000139151																																										
					ENSG00000138813																																										
					ENSG00000186925																																										
					ENSG00000186967																																										
					ENSG00000186971																																										
					ENSG00000187026																																										
					ENSG00000187033																																										
					ENSG00000187166																																										
					ENSG00000184321																																										
					ENSG00000184155																																										
					ENSG00000179695																																										
					ENSG00000149507																																										
					ENSG00000180043																																										
					ENSG00000151005																																										
					ENSG00000180475																																										
					ENSG00000180697																																										
					ENSG00000180919																																										
					ENSG00000180974																																										
					ENSG00000181001																																										
					ENSG00000181009																																										
					ENSG00000181023																																										
					ENSG00000149646																																										
					ENSG00000196862																																										
					ENSG00000181767																																										
					ENSG00000184108																																										
					ENSG00000181803																																										
					ENSG00000181867																																										
					ENSG00000181903																																										
					ENSG00000181961																																										
					ENSG00000182070																																										
					ENSG00000182613																																										
					ENSG00000182634																																										
					ENSG00000147183																																										
					ENSG00000183318																																										
					ENSG00000183640																																										
					ENSG00000183695																																										
					ENSG00000181371																																										
					ENSG00000134489																																										
					ENSG00000106648																																										
					ENSG00000205439																																										
					ENSG00000244362																																										
					ENSG00000221880																																										
					ENSG00000101890																																										
					ENSG00000221888																																										
					ENSG00000214866																																										
					ENSG00000214819																																										
					ENSG00000205328																																										
					ENSG00000269897																																										
					ENSG00000214681																																										
					ENSG00000244025																																										
					ENSG00000222036																																										
					ENSG00000243772																																										
					ENSG00000223443																																										
					ENSG00000205409																																										
					ENSG00000270898																																										
					ENSG00000203730																																										
					ENSG00000271079																																										
					ENSG00000223601																																										
					ENSG00000258083																																										
					ENSG00000203989																																										
					ENSG00000069018																																										
					ENSG00000203923																																										
					ENSG00000214360																																										
					ENSG00000124818																																										
					ENSG00000068781																																										
					ENSG00000243130																																										
					ENSG00000205669																																										
					ENSG00000120329																																										
					ENSG00000088782																																										
					ENSG00000203757																																										
					ENSG00000250298																																										
					ENSG00000244537																																										
					ENSG00000218305																																										
					ENSG00000204345																																										
					ENSG00000249581																																										
					ENSG00000204887																																										
					ENSG00000204880																																										
					ENSG00000204873																																										
					ENSG00000204694																																										
					ENSG00000204687																																										
					ENSG00000204661																																										
					ENSG00000204657																																										
					ENSG00000263715																																										
					ENSG00000248385																																										
					ENSG00000214946																																										
					ENSG00000204518																																										
					ENSG00000249693																																										
					ENSG00000113262																																										
					ENSG00000249860																																										
					ENSG00000244624																																										
					ENSG00000266560																																										
					ENSG00000267465																																										
					ENSG00000260660																																										
					ENSG00000204479																																										
					ENSG00000204446																																										
					ENSG00000215547																																										
					ENSG00000268629																																										
					ENSG00000214940																																										
					ENSG00000204414																																										
					ENSG00000260286																																										
					ENSG00000268651																																										
					ENSG00000123594																																										
					ENSG00000249961																																										
					ENSG00000104499																																										
					ENSG00000243062																																										
					ENSG00000204913																																										
					ENSG00000214285																																										
					ENSG00000212657																																										
					ENSG00000105428																																										
					ENSG00000198104																																										
					ENSG00000277932																																										
					ENSG00000128250																																										
					ENSG00000198090																																										
					ENSG00000198083																																										
					ENSG00000233701																																										
					ENSG00000229373																																										
					ENSG00000236858																																										
					ENSG00000255393																																										
					ENSG00000228075																																										
					ENSG00000106328																																										
					ENSG00000197734																																										
					ENSG00000206150																																										
					ENSG00000237452																																										
					ENSG00000127318																																										
					ENSG00000253548																																										
					ENSG00000255181																																										
					ENSG00000232268																																										
					ENSG00000197919																																										
					ENSG00000213416																																										
					ENSG00000212938																																										
					ENSG00000213417																																										
					ENSG00000206043																																										
					ENSG00000126251																																										
					ENSG00000196944																																										
					ENSG00000203664																																										
					ENSG00000225180																																										
					ENSG00000235608																																										
					ENSG00000235268																																										
					ENSG00000225781																																										
					ENSG00000274274																																										
					ENSG00000235118																																										
					ENSG00000214216																																										
					ENSG00000250821																																										
					ENSG00000234469																																										
					ENSG00000111241																																										
					ENSG00000236446																																										
					ENSG00000226430																																										
					ENSG00000226807																																										
					ENSG00000239732																																										
					ENSG00000212725																																										
					ENSG00000212721																																										
					ENSG00000206026																																										
